,Afghanistan,Albania,Algeria,Argentina,Armenia,Australia,Austria,Azerbaijan,Belarus,Belgium,Belgium-Luxembourg,Bhutan,Bolivia (Plurinational State of),Bosnia and Herzegovina,Brazil,Bulgaria,Canada,Chile,China,"China, mainland","China, Taiwan Province of",Colombia,Croatia,Cyprus,Czechia,Czechoslovakia,Democratic People's Republic of Korea,Denmark,Ecuador,Egypt,El Salvador,Estonia,Finland,France,Georgia,Germany,Greece,Grenada,Guatemala,Honduras,Hungary,India,Iran (Islamic Republic of),Iraq,Ireland,Israel,Italy,Japan,Jordan,Kazakhstan,Kenya,Kyrgyzstan,Latvia,Lebanon,Libya,Lithuania,Luxembourg,Madagascar,Malawi,Malta,Mexico,Montenegro,Morocco,Nepal,Netherlands,New Zealand,North Macedonia,Norway,Pakistan,Palestine,Paraguay,Peru,Poland,Portugal,Republic of Korea,Republic of Moldova,RÃ©union,Romania,Russian Federation,Saint Vincent and the Grenadines,Serbia,Serbia and Montenegro,Slovakia,Slovenia,South Africa,Spain,Sweden,Switzerland,Syrian Arab Republic,Tajikistan,Tunisia,Turkey,Turkmenistan,Ukraine,United Kingdom of Great Britain and Northern Ireland,United States of America,Uruguay,USSR,Uzbekistan,Yemen,Yugoslav SFR,Zimbabwe,World,Africa,Eastern Africa,Northern Africa,Southern Africa,Americas,Northern America,Central America,Caribbean,South America,Asia,Central Asia,Eastern Asia,Southern Asia,Western Asia,Europe,Eastern Europe,Northern Europe,Southern Europe,Western Europe,Oceania,Australia and New Zealand,European Union (28),European Union (27),Least Developed Countries,Land Locked Developing Countries,Small Island Developing States,Low Income Food Deficit Countries,Net Food Importing Developing Countries
1961,15100.0,10004.0,15400.0,415000.0,,295034.0,456000.0,,,,132000.0,2000.0,16000.0,,19962.0,272703.0,337226.0,99000.0,167000.0,167000.0,,,,1422.0,,117138.0,90000.0,113295.0,2000.0,3000.0,,,35000.0,2142000.0,,851000.0,196000.0,520.0,3000.0,,349500.0,185000.0,65000.0,20000.0,29000.0,30100.0,2167000.0,955400.0,3000.0,,,,,85000.0,800.0,,,9000.0,,100.0,79723.0,,4000.0,,292000.0,74400.0,,48000.0,11500.0,,1000.0,71000.0,285000.0,70000.0,79870.0,,,146000.0,,10.0,,,,,95844.0,385500.0,100000.0,269800.0,10000.0,,7100.0,283000.0,,,339000.0,2584000.0,23000.0,1744000.0,,,343000.0,1200.0,17053651.0,136344.0,10200.0,30300.0,95844.0,3651441.0,2921226.0,82723.0,530.0,646962.0,2003392.0,,1292270.0,278600.0,432522.0,10893040.0,2914341.0,664295.0,3171604.0,4142800.0,369434.0,369434.0,8362520.0,8023520.0,26100.0,35300.0,530.0,310300.0,126230.0
1962,15100.0,8039.0,14000.0,397000.0,,326282.0,431000.0,,,,145000.0,2100.0,16000.0,,22600.0,350612.0,404610.0,101000.0,225000.0,225000.0,,,,1879.0,,130763.0,95000.0,108295.0,1920.0,5000.0,,,35000.0,5050000.0,,2059000.0,206000.0,525.0,3000.0,,314900.0,160000.0,65000.0,20000.0,31000.0,41900.0,2182000.0,1000000.0,3621.0,,,,,80000.0,700.0,,,9000.0,,100.0,95429.0,,3000.0,,226000.0,93490.0,,64000.0,8000.0,,1000.0,72000.0,160000.0,58000.0,117904.0,,,132000.0,,10.0,,,,,105931.0,274500.0,161000.0,480400.0,23000.0,,3200.0,322000.0,,,583000.0,2581000.0,23000.0,1865000.0,,,177000.0,1300.0,21694110.0,142131.0,10300.0,25900.0,105931.0,3719094.0,2985610.0,98429.0,535.0,634520.0,2180504.0,,1437904.0,250200.0,492400.0,15232609.0,2953275.0,982295.0,2905639.0,8391400.0,419772.0,419772.0,12509286.0,11926286.0,26200.0,35500.0,535.0,303400.0,121556.0
1963,15100.0,7931.0,13000.0,474000.0,,349571.0,436000.0,,,,135000.0,2200.0,16000.0,,23241.0,289695.0,470193.0,104000.0,248000.0,248000.0,,,,1905.0,,133985.0,85000.0,119798.0,2120.0,5000.0,,,18000.0,2581000.0,,2216000.0,172000.0,525.0,3300.0,,503500.0,140000.0,65000.0,22000.0,35000.0,43000.0,2336000.0,1155000.0,3225.0,,,,,75000.0,600.0,,,9000.0,,100.0,118820.0,,8000.0,,279000.0,84000.0,,49000.0,18900.0,,551.0,72000.0,377000.0,92000.0,110162.0,,,198000.0,,10.0,,,,,116240.0,480700.0,136000.0,359600.0,28000.0,,3700.0,327000.0,,,545000.0,2609000.0,23000.0,2382000.0,,,280000.0,1600.0,21009272.0,157140.0,10600.0,30300.0,116240.0,3916760.0,3079193.0,122120.0,535.0,714912.0,2339492.0,,1598162.0,241200.0,500130.0,14162309.0,3884180.0,902798.0,3368731.0,6006600.0,433571.0,433571.0,10951698.0,10406698.0,26300.0,35451.0,535.0,278700.0,137660.0
1964,18400.0,8498.0,12441.0,371000.0,,367397.0,447000.0,,,,189200.0,2250.0,16000.0,,21158.0,364126.0,409289.0,106000.0,300000.0,300000.0,,,,3251.0,,158662.0,85000.0,122615.0,1893.0,7000.0,,,45000.0,3424000.0,,1346000.0,232000.0,530.0,3450.0,,432200.0,110000.0,68000.0,22000.0,24000.0,60700.0,2381000.0,1090000.0,4986.0,,,,,125000.0,300.0,,,10000.0,,110.0,123501.0,,17199.0,,515000.0,109400.0,,56000.0,12600.0,,557.0,80000.0,840000.0,85000.0,124693.0,,,127000.0,,10.0,,,,,149158.0,321600.0,183000.0,389600.0,25000.0,,3250.0,337000.0,,,653000.0,2866000.0,23000.0,2639000.0,,,159000.0,1700.0,22231724.0,201048.0,11700.0,40190.0,149158.0,4022388.0,3275289.0,126951.0,540.0,619608.0,2388880.0,,1599693.0,211250.0,577937.0,15142611.0,4560988.0,1083615.0,3187208.0,6310800.0,476797.0,476797.0,11735102.0,11082102.0,30650.0,38907.0,540.0,250100.0,156225.0
1965,20400.0,8000.0,13151.0,544000.0,,360002.0,222000.0,,,,176000.0,2300.0,17000.0,,40386.0,299404.0,450928.0,121000.0,318000.0,318000.0,,,,6502.0,,91630.0,100000.0,125400.0,1633.0,6375.0,,,15000.0,3675000.0,,1424000.0,184000.0,530.0,3473.0,,378904.0,90000.0,75000.0,23000.0,21000.0,56900.0,2185000.0,1132000.0,4538.0,,,,,115080.0,1240.0,,,10000.0,,110.0,136238.0,,14654.0,,404000.0,102900.0,,43000.0,16100.0,,720.0,74881.0,197000.0,96000.0,166768.0,,,217000.0,,10.0,,,,,139035.0,446800.0,115000.0,255400.0,21000.0,,6650.0,362000.0,,,529000.0,2785146.0,23000.0,2716000.0,,,135000.0,1800.0,21323988.0,192905.0,11800.0,42070.0,139035.0,4198945.0,3236074.0,139711.0,540.0,822620.0,2509588.0,,1716768.0,203800.0,589020.0,13959648.0,3899938.0,848400.0,3054910.0,6156400.0,462902.0,462902.0,10717120.0,10188120.0,32700.0,42220.0,540.0,243200.0,156438.0
1966,22800.0,9000.0,11208.0,414000.0,,376878.0,366654.0,,,,212000.0,2350.0,17200.0,,23559.0,343660.0,421753.0,125000.0,500000.0,500000.0,,,,7620.0,,249213.0,100000.0,111893.0,2796.0,6145.0,,,10000.0,2796000.0,,1702000.0,219000.0,540.0,3611.0,,396490.0,97500.0,78000.0,23000.0,17000.0,65800.0,2288600.0,1059000.0,6200.0,,,,,104010.0,1214.0,,,12000.0,,225.0,139805.0,,13855.0,,345000.0,113620.0,,40565.0,20700.0,,760.0,83100.0,794000.0,86533.0,174396.0,,,233700.0,,10.0,,,,,190756.0,412200.0,117000.0,350000.0,26000.0,,5750.0,440000.0,,,370000.0,2613313.0,24473.0,2747000.0,,,214000.0,2000.0,21762455.0,242928.0,14000.0,38172.0,190756.0,3869920.0,3035066.0,143416.0,550.0,690888.0,2727376.0,,1833396.0,221350.0,672630.0,14431733.0,4764063.0,666458.0,3229558.0,5771654.0,490498.0,490498.0,10829575.0,10459575.0,37150.0,45110.0,550.0,260300.0,173450.0
1967,27600.0,10000.0,11364.0,516000.0,,369924.0,360937.0,,,,291000.0,2400.0,17200.0,,24785.0,413124.0,436644.0,129000.0,630000.0,630000.0,,,,10160.0,,182235.0,90000.0,122336.0,3257.0,5000.0,,,18000.0,3846000.0,,2732000.0,240000.0,540.0,3995.0,,674644.0,127000.0,80000.0,24000.0,16000.0,71300.0,1932000.0,1125000.0,2000.0,,,,,157021.0,1236.0,,,12000.0,,235.0,115131.0,,10000.0,,488000.0,105403.0,,49203.0,21300.0,,700.0,84894.0,537000.0,90501.0,189651.0,,,234200.0,,15.0,,,,,183294.0,378300.0,169000.0,580000.0,28000.0,,7300.0,640000.0,,,332000.0,2451881.0,26000.0,3630000.0,,,301000.0,2200.0,25370910.0,232394.0,14200.0,34900.0,183294.0,3810042.0,2888525.0,119126.0,555.0,801836.0,3225432.0,,2034651.0,258300.0,932481.0,17627715.0,5671203.0,706539.0,2952036.0,8297937.0,475327.0,475327.0,12885437.0,12553437.0,42000.0,50100.0,555.0,286800.0,173049.0
1968,27900.0,10000.0,10490.0,469600.0,,373688.0,328675.0,,,,181000.0,2450.0,17200.0,,26070.0,427062.0,400896.0,133000.0,750000.0,750000.0,,,,8128.0,,201401.0,115000.0,122416.0,3064.0,4000.0,,,20000.0,3568000.0,,1748000.0,244156.0,550.0,4500.0,,481679.0,163000.0,80000.0,20000.0,20000.0,55000.0,1932000.0,1136000.0,1500.0,,,,,162907.0,1253.0,,,4000.0,,260.0,126411.0,,14000.0,,340000.0,113200.0,,65199.0,23700.0,,600.0,64134.0,743100.0,71400.0,198711.0,,,221800.0,,15.0,,,,,212054.0,480100.0,152000.0,270000.0,25496.0,,7900.0,700000.0,,,382000.0,2470433.0,28000.0,3816000.0,,,304000.0,2300.0,24087398.0,255997.0,6300.0,37643.0,212054.0,3744473.0,2871329.0,130911.0,565.0,741668.0,3469792.0,,2199711.0,297050.0,973031.0,16130248.0,5891042.0,761615.0,3041916.0,6435675.0,486888.0,486888.0,11471776.0,11089776.0,34350.0,50450.0,565.0,337696.0,150149.0
1969,28200.0,11000.0,11877.0,436400.0,,422445.0,327690.0,,,,306000.0,2500.0,17400.0,,28864.0,460449.0,435241.0,137000.0,1000000.0,1000000.0,,,,7620.0,,237834.0,120000.0,125816.0,4546.0,4000.0,,,20000.0,3377000.0,,2913000.0,228779.0,550.0,4500.0,,818741.0,201000.0,86500.0,30000.0,22000.0,62300.0,2010000.0,1085000.0,1950.0,,,,,66547.0,1403.0,,,4000.0,,220.0,145485.0,,14000.0,,475000.0,112300.0,,53758.0,31900.0,,500.0,65776.0,654300.0,82399.0,219411.0,,,366700.0,,20.0,,,,,207502.0,464800.0,117000.0,530000.0,23196.0,,8000.0,620000.0,,,447000.0,3093302.0,30000.0,3473000.0,,,482853.0,2400.0,26778974.0,253182.0,6400.0,39280.0,207502.0,4399584.0,3528543.0,149985.0,570.0,720486.0,3586124.0,,2424411.0,350100.0,811613.0,18005339.0,6011024.0,785574.0,3280051.0,7928690.0,534745.0,534745.0,13224514.0,12777514.0,34700.0,51000.0,570.0,378796.0,160896.0
1970,27300.0,9000.0,12900.0,445000.0,,424057.0,308809.0,,,,252000.0,2550.0,17500.0,,30850.0,363126.0,405520.0,140000.0,798000.0,798000.0,,,,7518.0,,231665.0,115000.0,120625.0,4752.0,4000.0,,,23000.0,3903000.0,,1975000.0,234890.0,560.0,4600.0,,660829.0,277000.0,88500.0,35000.0,20000.0,61800.0,2062000.0,1021000.0,2200.0,,,,,74356.0,1358.0,,,4000.0,,234.0,145615.0,,14000.0,,450000.0,140413.0,,47993.0,33430.0,,424.0,77759.0,691100.0,88730.0,212041.0,,,175836.0,,40.0,,,,,222255.0,483900.0,145500.0,280000.0,17550.0,,6200.0,748000.0,,,596015.0,2901933.0,31932.0,5046000.0,,,277063.0,2500.0,27005728.0,267213.0,6500.0,38458.0,222255.0,4206485.0,3307453.0,150215.0,600.0,748217.0,3521245.0,,2146041.0,428780.0,946424.0,18446315.0,7168556.0,953133.0,3155817.0,7168809.0,564470.0,564470.0,12562112.0,11966097.0,33850.0,50274.0,600.0,443350.0,172039.0
1971,21500.0,10000.0,13506.0,423900.0,,442636.0,243658.0,,,,280000.0,2600.0,17500.0,,29961.0,343683.0,391136.0,149000.0,854000.0,854000.0,,,,10668.0,,144250.0,170000.0,115457.0,5617.0,7400.0,,,25000.0,2967000.0,,2309000.0,226059.0,570.0,4600.0,,620534.0,352000.0,91102.0,42833.0,13000.0,78100.0,1697300.0,1006000.0,564.0,,,,,154483.0,2419.0,,,6286.0,,466.0,232565.0,,14000.0,,520000.0,126759.0,,50746.0,36127.0,,428.0,74773.0,563200.0,95120.0,220687.0,,,252700.0,,60.0,,,,,243170.0,657500.0,147900.0,390000.0,34161.0,,8500.0,780000.0,,,530276.0,2890820.0,28000.0,5080000.0,,,326911.0,2600.0,26580791.0,297881.0,8886.0,45825.0,243170.0,4248930.0,3281956.0,237165.0,630.0,729179.0,3854825.0,,2250687.0,503329.0,1100809.0,17609760.0,7004367.0,882379.0,3013356.0,6709658.0,569395.0,569395.0,11618521.0,11088245.0,30386.0,44628.0,630.0,586547.0,172380.0
1972,26600.0,11000.0,11480.0,512300.0,,360167.0,156358.0,,,,263500.0,2700.0,17500.0,,30698.0,340336.0,392805.0,95000.0,850000.0,850000.0,,,,9956.0,,95785.0,200000.0,93334.0,5571.0,7000.0,,,20000.0,2553000.0,,1500000.0,184690.0,570.0,4800.0,,709349.0,433000.0,89600.0,50000.0,9100.0,67500.0,1884100.0,959100.0,2900.0,,,,,220417.0,1625.0,,,6425.0,,470.0,226897.0,,18000.0,,400000.0,149470.0,,49562.0,34240.0,,432.0,74487.0,558500.0,114790.0,261120.0,,,247500.0,,60.0,,,,,317737.0,745200.0,132500.0,260000.0,42388.0,,7400.0,850000.0,,,375227.0,2666565.0,25000.0,4712000.0,,,309084.0,2700.0,24759595.0,372367.0,9125.0,45505.0,317737.0,4052685.0,3059370.0,231697.0,630.0,760988.0,4099521.0,,2270220.0,586140.0,1243161.0,15725385.0,6663470.0,679723.0,3249334.0,5132858.0,509637.0,509637.0,10297910.0,9922683.0,35725.0,49932.0,630.0,711113.0,180382.0
1973,27600.0,14000.0,10062.0,233300.0,,426362.0,287462.0,,,,246000.0,2750.0,17500.0,,22265.0,360159.0,374691.0,118500.0,1304681.0,1301000.0,3681.0,,,9448.0,,182736.0,255000.0,116332.0,3778.0,8000.0,,,20000.0,3265000.0,,2320000.0,272832.0,580.0,5200.0,,780525.0,515000.0,120000.0,60000.0,11900.0,84100.0,2050000.0,962700.0,348.0,,,,,166177.0,2327.0,,,4225.0,,540.0,190339.0,,20000.0,,450000.0,143138.0,,36211.0,51510.0,,432.0,74209.0,682500.0,142910.0,290591.0,,,288400.0,,60.0,,,,,283891.0,1015100.0,131700.0,380000.0,41079.0,,10000.0,850000.0,,,490041.0,2841741.0,25000.0,5587000.0,,,447749.0,2800.0,29138481.0,341305.0,7025.0,50389.0,283891.0,3907595.0,3216432.0,195539.0,640.0,494984.0,4740984.0,,2812972.0,716860.0,1211152.0,19579097.0,7881320.0,806184.0,3943131.0,6948462.0,569500.0,569500.0,12940849.0,12450808.0,34575.0,51082.0,640.0,845704.0,199282.0
1974,27800.0,13000.0,14568.0,786000.0,,331302.0,324203.0,,,,208950.0,2800.0,17520.0,,27340.0,249583.0,406334.0,120300.0,1160374.0,1156000.0,4374.0,,,7620.0,,129172.0,290000.0,104134.0,19021.0,8000.0,,,16800.0,2757000.0,,1499477.0,193217.0,596.0,5200.0,,829015.0,592000.0,170000.0,65000.0,10000.0,74200.0,1886100.0,850400.0,3944.0,,,,,144131.0,1050.0,,,4700.0,,290.0,232313.0,,23000.0,,385000.0,152116.0,,53864.0,56245.0,,444.0,74750.0,594300.0,122176.0,297323.0,,,240517.0,,80.0,,,,,283613.0,1038200.0,114000.0,240000.0,44322.0,,9400.0,950000.0,,,396800.0,2984486.0,27000.0,5077000.0,,,370421.0,2900.0,27121411.0,347231.0,7600.0,56018.0,283613.0,4701384.0,3390820.0,237513.0,676.0,1072375.0,4736159.0,,2598097.0,848845.0,1289217.0,16853219.0,7119587.0,695598.0,3623404.0,5414630.0,483418.0,483418.0,10977382.0,10580582.0,35300.0,51464.0,676.0,961722.0,211315.0
1975,27900.0,14000.0,21575.0,608000.0,,362778.0,303746.0,,,,257508.0,2900.0,18500.0,,34192.0,329342.0,460438.0,125300.0,1586718.0,1583000.0,3718.0,,,9144.0,,182383.0,325000.0,128328.0,22860.0,8100.0,,,27900.0,3104000.0,,2488968.0,270028.0,603.0,5200.0,,808787.0,510000.0,220000.0,73000.0,10300.0,96700.0,2127000.0,897900.0,917.0,,,,,108000.0,1667.0,,,4235.0,,430.0,193987.0,,25000.0,,430000.0,159403.0,,44060.0,66690.0,,456.0,74920.0,840722.0,140503.0,279608.0,,,314919.0,,90.0,,,,,355683.0,1078700.0,155300.0,435000.0,56561.0,,10500.0,900000.0,,,374600.0,3415533.0,23000.0,5803000.0,,,369941.0,3000.0,31135523.0,429760.0,7235.0,66842.0,355683.0,4983079.0,3875971.0,199187.0,693.0,907228.0,5161038.0,,3089226.0,827490.0,1244322.0,20039465.0,8279153.0,740488.0,4000602.0,7019222.0,522181.0,522181.0,13200225.0,12825625.0,35035.0,52756.0,693.0,926696.0,221855.0
1976,26200.0,15000.0,14624.0,576500.0,,274831.0,329261.0,,,,233591.0,2950.0,10525.0,,42348.0,382287.0,409172.0,130000.0,1735908.0,1730000.0,5908.0,,,10973.0,,190294.0,365000.0,102767.0,25342.0,9631.0,,,19810.0,2497000.0,,1806949.0,260031.0,600.0,5500.0,,973940.0,500000.0,380000.0,80000.0,10800.0,95800.0,2143000.0,879400.0,505.0,,,,,56000.0,2096.0,,,2630.0,,230.0,329431.0,,30000.0,,380000.0,172471.0,,55498.0,74746.0,,470.0,74852.0,1160890.0,154553.0,313099.0,,,469717.0,,95.0,,,,,371019.0,1007300.0,144300.0,243000.0,70534.0,,14000.0,1000000.0,,,363500.0,2935725.0,24000.0,6927000.0,,,486145.0,3100.0,31406940.0,447100.0,5730.0,70351.0,371019.0,4564560.0,3344897.0,334931.0,695.0,884037.0,5591115.0,,3293407.0,983896.0,1313812.0,20356863.0,10104128.0,696675.0,4066259.0,5489801.0,447302.0,447302.0,12450899.0,12087399.0,31780.0,43245.0,695.0,967464.0,236209.0
1977,15500.0,13000.0,19179.0,820000.0,,301551.0,263508.0,,,,119691.0,3000.0,10440.0,,46125.0,281416.0,411420.0,150000.0,2118896.0,2108000.0,10896.0,,,10465.0,,156884.0,400000.0,129643.0,27661.0,9487.0,,,10100.0,1687000.0,,1473564.0,223900.0,594.0,5700.0,,1105448.0,503500.0,500000.0,85000.0,9800.0,101600.0,1790600.0,958800.0,490.0,,,,,106000.0,2635.0,,,3890.0,,140.0,186667.0,,40000.0,,315000.0,145539.0,,42969.0,87672.0,,456.0,79372.0,911928.0,94471.0,394744.0,,,593444.0,,110.0,,,,,281373.0,730000.0,136600.0,279000.0,61202.0,,10200.0,900000.0,,,270000.0,3057015.0,25000.0,7587000.0,,,381000.0,3200.0,30490589.0,369964.0,7090.0,81501.0,281373.0,4820560.0,3468435.0,192367.0,704.0,1159054.0,6246869.0,,3872440.0,1109672.0,1264757.0,18606106.0,10636120.0,599112.0,3233111.0,4137763.0,447090.0,447090.0,10156718.0,9886718.0,22390.0,32596.0,704.0,987292.0,250315.0
1978,22700.0,14000.0,15577.0,810000.0,,258360.0,291186.0,,,,271700.0,3150.0,10755.0,,51758.0,321088.0,451938.0,175000.0,2292543.0,2275000.0,17543.0,,,7620.0,,185099.0,430000.0,120000.0,30521.0,16852.0,,,10040.0,3100000.0,,2109260.0,195763.0,625.0,5500.0,,779222.0,545070.0,450000.0,99680.0,10100.0,106500.0,1846800.0,844000.0,529.0,,,,,90000.0,2123.0,,,3880.0,,200.0,284535.0,,50000.0,,510000.0,185144.0,,58543.0,93718.0,,451.0,77596.0,1030343.0,117382.0,428291.0,,,359415.0,,130.0,,,,,381429.0,1072000.0,121700.0,355000.0,67302.0,,12000.0,1100000.0,,,391200.0,3445880.0,28000.0,5953000.0,,,381000.0,3642.0,32486840.0,485503.0,7522.0,96552.0,381429.0,5372689.0,3897818.0,290035.0,755.0,1184081.0,6581103.0,,3994834.0,1114638.0,1471631.0,19604041.0,8628167.0,711583.0,3627145.0,6637146.0,443504.0,443504.0,12665019.0,12273819.0,29730.0,40698.0,755.0,1072594.0,281180.0
1979,21600.0,15000.0,13656.0,972000.0,,344948.0,326357.0,,,,321750.0,3200.0,11400.0,,69099.0,285239.0,434898.0,210000.0,2890728.0,2868900.0,21828.0,,,9347.0,,200125.0,440000.0,125000.0,30767.0,17642.0,,,14580.0,2464000.0,,2713069.0,295477.0,616.0,4963.0,,963956.0,662020.0,550000.0,101000.0,10000.0,122900.0,1991900.0,852700.0,851.0,,,,,135000.0,2662.0,,,3915.0,,360.0,296633.0,,60000.0,,450000.0,180058.0,,39868.0,99282.0,,460.0,77358.0,1050671.0,107385.0,443661.0,,,593963.0,,300.0,,,,,363464.0,1161700.0,171373.0,442000.0,76266.0,,16000.0,1350000.0,,,363000.0,3685930.0,30831.0,7432000.0,,150.0,428000.0,3256.0,36556334.0,480595.0,7171.0,109960.0,363464.0,5825255.0,4120828.0,301596.0,916.0,1401915.0,7758705.0,,4627089.0,1336102.0,1795514.0,21966773.0,10525954.0,723821.0,3999822.0,6717176.0,525006.0,525006.0,13419127.0,13056127.0,28865.0,39916.0,916.0,1207207.0,300914.0
1980,22300.0,15000.0,21818.0,958000.0,,298812.0,329932.0,,,,329700.0,3250.0,10595.0,,83038.0,394280.0,552589.0,245000.0,2382996.0,2363100.0,19896.0,,,9144.0,,278209.0,460000.0,115000.0,30899.0,13505.0,,,12000.0,2902000.0,,2395094.0,288217.0,552.0,5227.0,,1016585.0,658000.0,600000.0,74000.0,8900.0,100800.0,1936700.0,960100.0,489.0,,,,,103000.0,2196.0,,,5618.0,,390.0,248810.0,,70000.0,,470000.0,211400.0,,44795.0,107410.0,,470.0,79349.0,844106.0,127644.0,410047.0,,,391500.0,,170.0,,,,,426430.0,931100.0,119026.0,340000.0,89281.0,,15100.0,1430000.0,,,357200.0,4000000.0,28050.0,5090000.0,,140.0,483000.0,3646.0,33942609.0,558313.0,9264.0,122619.0,426430.0,6242749.0,4552589.0,254037.0,722.0,1435401.0,7410957.0,,4213143.0,1390960.0,1806854.0,19220378.0,8014680.0,656921.0,3782051.0,6766726.0,510212.0,510212.0,12978518.0,12621318.0,31308.0,40261.0,722.0,1238985.0,317883.0
1981,22100.0,15000.0,23386.0,908000.0,,306921.0,243199.0,,,,133700.0,3300.0,10320.0,,109503.0,433142.0,422379.0,298400.0,3020934.0,3006000.0,14934.0,,,7620.0,,167427.0,480000.0,43296.0,33944.0,23143.0,,,16000.0,1437000.0,,1285644.0,337091.0,589.0,5600.0,,1232428.0,821790.0,735890.0,105000.0,6500.0,131900.0,1741600.0,845700.0,176.0,,,,,65000.0,5000.0,,,5375.0,,300.0,385552.0,,80000.0,,260000.0,242031.0,,53824.0,114095.0,,480.0,87266.0,779693.0,97000.0,523145.0,,,525389.0,,300.0,,,,,394164.0,1062600.0,145450.0,243000.0,103700.0,,21000.0,1450000.0,,,231800.0,3510620.0,25000.0,6334000.0,,126.0,508000.0,4606.0,32667138.0,556674.0,9981.0,152529.0,394164.0,5797953.0,3932999.0,391152.0,889.0,1472913.0,8430476.0,,4869779.0,1697175.0,1863522.0,17333083.0,9472079.0,496870.0,3761591.0,3602543.0,548952.0,548952.0,10019452.0,9787652.0,30901.0,40806.0,889.0,1437697.0,357470.0
1982,21400.0,23000.0,24476.0,804000.0,,294476.0,428819.0,,,,270300.0,3345.0,11164.0,,190993.0,425780.0,477626.0,345000.0,2441044.0,2430000.0,11044.0,,,8636.0,,503723.0,500000.0,59462.0,34644.0,23000.0,,,16000.0,1977000.0,,3417125.0,264747.0,620.0,6000.0,,1278919.0,926980.0,930181.0,110000.0,9000.0,117900.0,2602700.0,924500.0,203.0,,,,,130000.0,7044.0,,,5350.0,,370.0,327706.0,,100000.0,,440000.0,225898.0,,43673.0,128616.0,,548.0,93116.0,2125690.0,104800.0,527149.0,,,744835.0,,300.0,,,,,460987.0,891700.0,129523.0,542000.0,139353.0,,19000.0,1600000.0,,,363100.0,3684060.0,38160.0,7400000.0,,132.0,746000.0,5000.0,40496873.0,644857.0,10350.0,173520.0,460987.0,6013937.0,4161686.0,333706.0,920.0,1517625.0,8509439.0,,4392693.0,2010522.0,2106224.0,24808266.0,12478947.0,620758.0,4633317.0,7075244.0,520374.0,520374.0,15558506.0,15195406.0,30227.0,41457.0,920.0,1598215.0,395082.0
1983,20800.0,21000.0,23916.0,817000.0,,300825.0,326547.0,,,,203416.0,3400.0,8655.0,,153540.0,467588.0,484853.0,365000.0,3553013.0,3541050.0,11963.0,,,9000.0,,426694.0,530000.0,47159.0,35123.0,26000.0,,,16000.0,1965000.0,,2097458.0,308002.0,660.0,6429.0,,1140627.0,966600.0,1028697.0,115000.0,10350.0,132100.0,2032200.0,1048000.0,300.0,,,,,130000.0,7232.0,,,5410.0,,400.0,302445.0,,100000.0,,364000.0,233285.0,,50646.0,128068.0,,563.0,87103.0,1729491.0,115280.0,586023.0,,,755382.0,,450.0,,,,,359547.0,1075500.0,133000.0,242000.0,128500.0,,20000.0,1750000.0,,,311500.0,3800400.0,40740.0,8085000.0,,132.0,557000.0,5466.0,39795515.0,547571.0,10876.0,177148.0,359547.0,6102961.0,4285253.0,308874.0,1110.0,1507724.0,10129633.0,,5717036.0,2147565.0,2265032.0,22481240.0,12604782.0,568655.0,4109382.0,5198421.0,534110.0,534110.0,13107900.0,12796400.0,29742.0,38884.0,1110.0,1656908.0,392323.0
1984,20000.0,21000.0,38852.0,872000.0,,266998.0,353195.0,,,,230850.0,3536.0,2243.0,,255773.0,525984.0,434247.0,410000.0,2954526.0,2941000.0,13526.0,,,9000.0,,378219.0,560000.0,54376.0,29437.0,27000.0,,,12000.0,2868000.0,,2347783.0,303725.0,640.0,6888.0,,1088172.0,985900.0,940299.0,120000.0,13692.0,118900.0,2210400.0,811700.0,511.0,,,,,128000.0,7387.0,,,5830.0,,400.0,460935.0,,100000.0,,388000.0,246152.0,,47564.0,142659.0,,747.0,99791.0,1564430.0,86460.0,528175.0,,,707810.0,,700.0,,,,,483696.0,1028300.0,121000.0,384000.0,129700.0,,23000.0,1900000.0,,,346600.0,3775700.0,42760.0,7200000.0,,138.0,584316.0,4846.0,39814942.0,690611.0,10676.0,196239.0,483696.0,6391861.0,4209947.0,467823.0,1340.0,1712751.0,9353044.0,,4854401.0,2092394.0,2406249.0,22866276.0,11464615.0,595232.0,4234601.0,6571828.0,513150.0,513150.0,14260177.0,13913577.0,29504.0,31372.0,1340.0,1706414.0,423805.0
1985,19100.0,18200.0,42400.0,922400.0,,352000.0,293152.0,,,,221125.0,3700.0,1993.0,,288649.0,336124.0,478605.0,425000.0,3627800.0,3614111.0,13689.0,,,7000.0,,379377.0,580000.0,45105.0,29879.0,29000.0,,,15000.0,2349000.0,,2206203.0,261532.0,640.0,7380.0,,953597.0,1005560.0,1137762.0,120000.0,10960.0,101800.0,2014100.0,910300.0,500.0,,,,,130000.0,7600.0,,,5870.0,,400.0,423071.0,,120000.0,,270000.0,276594.0,,63704.0,166043.0,,770.0,98909.0,1343142.0,95100.0,532571.0,,,699100.0,,1000.0,,,,,402231.0,1069971.0,136100.0,278000.0,125104.0,,28000.0,1900000.0,,,305400.0,3590000.0,37000.0,7235000.0,,144.0,367645.0,5130.0,38908542.0,640231.0,11000.0,227000.0,402231.0,6305296.0,4068605.0,430451.0,1640.0,1804600.0,10367384.0,,5650671.0,2332165.0,2384548.0,20967037.0,10946340.0,576269.0,3826948.0,5617480.0,628594.0,628594.0,12632111.0,12326711.0,28814.0,30693.0,1640.0,1740908.0,472906.0
1986,19400.0,15000.0,40699.0,593900.0,,288000.0,368585.0,,,,269660.0,4100.0,6218.0,,355803.0,543256.0,388175.0,515000.0,3352515.0,3336793.0,15722.0,,,6500.0,,467689.0,600000.0,40201.0,30723.0,34000.0,,,15000.0,2738000.0,,2902106.0,275311.0,650.0,24890.0,,1252938.0,1258000.0,1154322.0,80000.0,9800.0,115700.0,2019530.0,986100.0,1126.0,,,,,133000.0,7900.0,,,5780.0,,410.0,462297.0,,120000.0,,400000.0,343852.0,,32413.0,195573.0,,793.0,109208.0,1920051.0,238560.0,537737.0,,,994400.0,,1000.0,,,,,439836.0,817400.0,134000.0,393000.0,144900.0,,35800.0,1865000.0,,,302600.0,3564800.0,39000.0,7940000.0,,162.0,637327.0,6088.0,42595784.0,690103.0,11868.0,238399.0,439836.0,6092457.0,3952975.0,487187.0,1650.0,1650645.0,10454135.0,,5476352.0,2631395.0,2346388.0,24727237.0,13118334.0,534014.0,4003538.0,7071351.0,631852.0,631852.0,15248308.0,14945708.0,29442.0,36599.0,1650.0,2034330.0,526799.0
1987,16600.0,16000.0,43688.0,1074600.0,,324741.0,263532.0,,,,236300.0,4300.0,7200.0,,333275.0,339177.0,490050.0,580000.0,4281288.0,4265000.0,16288.0,,,7000.0,,307781.0,625000.0,26492.0,32718.0,31000.0,,,12000.0,2388000.0,,1592954.0,301523.0,660.0,24776.0,,1064414.0,861404.0,1238119.0,65090.0,10400.0,114300.0,2235950.0,997900.0,892.0,,,,,197263.0,8000.0,,,5660.0,,420.0,502849.0,,150000.0,,340000.0,338000.0,,46408.0,211942.0,,808.0,134559.0,504428.0,249775.0,556160.0,,50.0,594200.0,,800.0,,,,,391556.0,1043000.0,86000.0,240200.0,132200.0,,37900.0,1680000.0,,,284672.0,4872600.0,33000.0,5442000.0,,189.0,423000.0,6074.0,38462837.0,673928.0,11784.0,270588.0,391556.0,8087895.0,5362650.0,527625.0,1460.0,2196160.0,10989647.0,,6460348.0,2332365.0,2196934.0,18048626.0,8252000.0,465972.0,4269668.0,5060986.0,662741.0,662741.0,11580237.0,11295565.0,26749.0,34982.0,1460.0,1647127.0,594502.0
1988,16900.0,14000.0,39980.0,940000.0,,299807.0,413049.0,,,,271600.0,4400.0,7610.0,,432937.0,334463.0,500660.0,630000.0,4356534.0,4344394.0,12140.0,,,7500.0,,467808.0,630000.0,45000.0,39154.0,44000.0,,,14000.0,2582000.0,,3164425.0,300110.0,660.0,24642.0,,1130786.0,995296.0,1351291.0,72000.0,10400.0,119280.0,2331690.0,1042000.0,4800.0,,,,,199198.0,8000.0,,,6000.0,,420.0,514944.0,,236000.0,,363000.0,330000.0,,51884.0,215113.0,,727.0,134364.0,1392946.0,241880.0,640333.0,,100.0,609400.0,,700.0,,,,,554742.0,867600.0,130000.0,492000.0,205875.0,,30500.0,1950000.0,,,268400.0,4140000.0,27300.0,5913000.0,,198.0,518185.0,6941.0,42688532.0,926263.0,13041.0,358480.0,554742.0,7393698.0,4640660.0,539586.0,1360.0,2212092.0,11810718.0,,6668867.0,2583000.0,2558851.0,21928046.0,9848403.0,519684.0,4273885.0,7286074.0,629807.0,629807.0,14478669.0,14210269.0,27498.0,36578.0,1360.0,1861210.0,693635.0
1989,16900.0,18000.0,51395.0,847800.0,,323045.0,321264.0,,,,322400.0,4500.0,7760.0,,477280.0,457875.0,536630.0,660000.0,4516879.0,4498920.0,17959.0,,,8200.0,,552444.0,638000.0,52000.0,31094.0,45000.0,,,15000.0,2340000.0,,2483089.0,311526.0,590.0,25815.0,,959074.0,1084117.0,1245568.0,75000.0,11700.0,125292.0,1924240.0,1045000.0,5128.0,,,,,197765.0,8500.0,,,6200.0,,430.0,505959.0,,295000.0,,417000.0,393000.0,,68866.0,232404.0,,721.0,136891.0,1312026.0,265782.0,676016.0,,150.0,697400.0,,700.0,,,,,508202.0,810000.0,165000.0,311000.0,194900.0,,40000.0,1850000.0,,,447673.0,4519000.0,37600.0,6273000.0,,320.0,546015.0,7101.0,42464226.0,961548.0,13451.0,439895.0,508202.0,7787840.0,5055630.0,531774.0,1290.0,2199146.0,11915989.0,,6875895.0,2583489.0,2456605.0,21082804.0,10251819.0,760239.0,3875993.0,6194753.0,716045.0,716045.0,13321679.0,12874006.0,27920.0,36982.0,1290.0,1947538.0,783633.0
1990,16867.0,13100.0,38941.0,975600.0,,319403.0,337741.0,,,,235100.0,4700.0,7970.0,,543515.0,410915.0,541250.0,700000.0,4331922.0,4319315.0,12607.0,,,8150.0,,349973.0,645000.0,70000.0,33224.0,61719.0,,,7000.0,2326000.0,,2222019.0,348800.0,450.0,24849.0,115.0,945455.0,1093900.0,1523980.0,75000.0,10600.0,112700.0,2050070.0,1053000.0,11896.0,,,,,200000.0,8600.0,,,6300.0,,435.0,456538.0,,221000.0,30000.0,431000.0,361000.0,,50000.0,243000.0,,723.0,118416.0,812340.0,282521.0,628947.0,,180.0,682152.0,,600.0,,,,,430344.0,656500.0,150000.0,397800.0,204600.0,,41800.0,1900000.0,,,309059.0,4380000.0,27696.0,6034000.0,,353.0,522812.0,6345.0,41045985.0,815229.0,12825.0,372060.0,430344.0,7810946.0,4921250.0,481502.0,1050.0,2407144.0,12084015.0,,6658869.0,2912447.0,2512699.0,19655392.0,9234835.0,596659.0,3874238.0,5949660.0,680403.0,680403.0,12295857.0,11986798.0,58220.0,66605.0,1050.0,2003365.0,757216.0
1991,17507.0,10000.0,47827.0,1067500.0,,288730.0,276848.0,,,,140575.0,4900.0,8290.0,,526904.0,145060.0,515531.0,780000.0,4557334.0,4540445.0,16889.0,,,7700.0,,434898.0,650000.0,55000.0,15424.0,64804.0,,,5500.0,1283211.0,,780800.0,242000.0,472.0,27085.0,135.0,859195.0,1175005.0,1364407.0,65000.0,10300.0,116000.0,1830170.0,760300.0,6690.0,,2200.0,,,213864.0,9000.0,,,6200.0,,440.0,527373.0,,248800.0,34000.0,260000.0,380000.0,,20607.0,293500.0,,726.0,108770.0,1145544.0,263350.0,542015.0,,200.0,504888.0,,480.0,,,,,515074.0,516800.0,17000.0,181800.0,215098.0,,40000.0,1900000.0,,,323220.0,4402885.0,34600.0,4705000.0,,1377.0,428351.0,6860.0,35991124.0,940965.0,15460.0,410431.0,515074.0,8016175.0,4918416.0,554593.0,952.0,2542214.0,11924697.0,,6509649.0,2889319.0,2525729.0,14440557.0,7794585.0,431627.0,3291111.0,2923234.0,668730.0,668730.0,8667601.0,8344381.0,63984.0,72283.0,952.0,2108247.0,829835.0
1992,17200.0,10000.0,61984.0,1053500.0,68800.0,316101.0,268719.0,118079.0,357000.0,,502320.0,5100.0,8125.0,27200.0,599841.0,221202.0,564071.0,830000.0,6568460.0,6555836.0,12624.0,,62212.0,12000.0,,294798.0,653000.0,83000.0,23365.0,260797.0,,21531.0,9000.0,2371861.0,215000.0,1377800.0,384900.0,478.0,27181.0,135.0,665828.0,1147743.0,1463072.0,67000.0,8100.0,127800.0,2394131.0,1039000.0,18785.0,77000.0,2359.0,72000.0,51000.0,145403.0,9200.0,96000.0,,6300.0,,300.0,598230.0,,278000.0,30000.0,640000.0,487507.0,87642.0,14834.0,338968.0,,729.0,94309.0,1569690.0,281033.0,694766.0,393500.0,225.0,541145.0,1787000.0,450.0,,204000.0,,58399.0,521421.0,1095400.0,17000.0,438313.0,270248.0,88000.0,61000.0,2100000.0,24000.0,1147759.0,389400.0,4793791.0,28792.0,,395900.0,1428.0,,5000.0,44263660.0,1206286.0,13884.0,670981.0,521421.0,8622997.0,5357862.0,625546.0,928.0,2638661.0,15758752.0,656900.0,8955226.0,3002083.0,3144543.0,17872017.0,6977922.0,689865.0,4605217.0,5599013.0,803608.0,803608.0,13121971.0,12732571.0,60028.0,1391075.0,928.0,2689178.0,1115309.0
1993,17000.0,10000.0,63409.0,951170.0,25300.0,327792.0,375222.0,102027.0,640500.0,,530215.0,5300.0,8455.0,20000.0,698765.0,109858.0,483529.0,840000.0,9077685.0,9069557.0,8128.0,,61667.0,11000.0,308116.0,,600000.0,80000.0,30791.0,354311.0,,40037.0,8000.0,2050983.0,186000.0,882400.0,321579.0,513.0,27522.0,150.0,819358.0,1168252.0,1624183.0,68800.0,8100.0,159820.0,2143540.0,1011000.0,17509.0,40000.0,1240.0,16400.0,93000.0,130000.0,9400.0,195200.0,,6400.0,,200.0,537774.0,,424000.0,29000.0,597000.0,439000.0,71676.0,27380.0,442395.0,,736.0,113010.0,1841755.0,264122.0,615991.0,890000.0,222.0,1097158.0,1623400.0,610.0,,224956.0,107327.0,66574.0,595483.0,890500.0,18000.0,264075.0,235002.0,71600.0,75000.0,2080000.0,21000.0,1774000.0,355300.0,4846680.0,29104.0,,288500.0,1252.0,,5800.0,47727080.0,1535265.0,13662.0,926120.0,595483.0,8568809.0,5330209.0,565446.0,1123.0,2672031.0,18045016.0,437500.0,11304676.0,3286130.0,3016710.0,18811198.0,9211472.0,825017.0,4074814.0,4699895.0,766792.0,766792.0,13276211.0,12920911.0,58952.0,1592794.0,1123.0,2440446.0,1487690.0
1994,17500.0,9500.0,49297.0,1006300.0,65900.0,306920.0,334248.0,95282.0,280500.0,,527650.0,5500.0,8650.0,17000.0,699935.0,76477.0,553729.0,810000.0,11137489.0,11129020.0,8469.0,,47348.0,7500.0,244098.0,,650000.0,37500.0,32922.0,312514.0,,14034.0,6700.0,2157952.0,237000.0,879500.0,339451.0,481.0,27140.0,156.0,656987.0,1300000.0,2008051.0,85500.0,11500.0,87650.0,2232853.0,989300.0,27774.0,38000.0,800.0,44900.0,19000.0,119692.0,20000.0,41000.0,,6000.0,,150.0,487698.0,,270000.0,30000.0,530000.0,480700.0,70060.0,16599.0,533105.0,627.0,743.0,104280.0,1441124.0,212015.0,616505.0,511500.0,120.0,363038.0,1142300.0,620.0,,148000.0,56856.0,109588.0,550901.0,773960.0,18000.0,288235.0,224167.0,70900.0,61000.0,2095000.0,23000.0,651000.0,349800.0,5216721.0,47806.0,,279500.0,1252.0,,6200.0,46468250.0,1276832.0,13120.0,712811.0,550901.0,8997181.0,5770450.0,514994.0,1101.0,2710636.0,20791094.0,456300.0,13393294.0,3894156.0,3047344.0,14615523.0,5423880.0,514133.0,3959925.0,4717585.0,787620.0,787620.0,11488329.0,11138529.0,60252.0,1267635.0,1101.0,2631219.0,1370982.0
1995,19669.0,10000.0,64140.0,1146000.0,75500.0,316555.0,383876.0,95547.0,258400.0,,513935.0,5718.0,8860.0,17500.0,686373.0,149287.0,598902.0,850000.0,14017142.0,14007660.0,9482.0,,51409.0,9300.0,225534.0,,630000.0,30000.0,20658.0,437714.0,,31493.0,7300.0,2063809.0,254900.0,573300.0,325799.0,499.0,27678.0,150.0,352984.0,1200000.0,1989653.0,90000.0,11800.0,124200.0,1940007.0,962600.0,41933.0,36600.0,593.0,46300.0,49000.0,150600.0,31000.0,108400.0,,6300.0,,150.0,413223.0,,309800.0,32000.0,534000.0,527000.0,69850.0,22916.0,553474.0,1065.0,678.0,166094.0,1288289.0,234897.0,715982.0,472574.0,120.0,457203.0,1200000.0,630.0,,164000.0,38139.0,102752.0,512460.0,816000.0,18000.0,199337.0,224000.0,71400.0,65000.0,2100000.0,22000.0,1046200.0,260900.0,4798282.0,37000.0,,320000.0,1722.0,,6000.0,48852054.0,1433127.0,13013.0,907654.0,512460.0,8755027.0,5397184.0,441051.0,1129.0,2915663.0,23791305.0,496300.0,16325724.0,3800514.0,3168767.0,14029040.0,5488610.0,539809.0,3732364.0,4268257.0,843555.0,843555.0,10577563.0,10316663.0,65409.0,1282696.0,1129.0,2557984.0,1641296.0
1996,23341.0,10000.0,73869.0,1219000.0,80400.0,280147.0,367553.0,94605.0,299500.0,,302188.0,5715.0,9050.0,17850.0,700777.0,203668.0,512984.0,950000.0,17060497.0,17052246.0,8251.0,,74741.0,10000.0,251436.0,,632644.0,18000.0,43433.0,412321.0,,9421.0,5800.0,1980069.0,215000.0,878100.0,363142.0,450.0,27789.0,149.0,551910.0,1211379.0,1925423.0,85000.0,11500.0,104730.0,2071261.0,899200.0,32827.0,56000.0,467.0,61300.0,18000.0,116769.0,42000.0,73000.0,,6400.0,,300.0,426713.0,,343200.0,20000.0,637000.0,549000.0,65399.0,14865.0,568452.0,1029.0,619.0,172896.0,1951515.0,256712.0,651406.0,378400.0,120.0,659719.0,1800000.0,540.0,,264000.0,79097.0,105426.0,616521.0,899400.0,17000.0,358320.0,301886.0,60600.0,81000.0,2200000.0,12800.0,1040800.0,223600.0,4709151.0,64607.0,,396500.0,1786.0,,6200.0,54337384.0,1582098.0,13187.0,952390.0,616521.0,8838158.0,5222135.0,454651.0,990.0,3160382.0,26829289.0,587200.0,19243747.0,3754310.0,3244032.0,16258692.0,7216045.0,391186.0,4128231.0,4523230.0,829147.0,829147.0,12019558.0,11795958.0,57242.0,1270929.0,990.0,2722503.0,1669544.0
1997,27727.0,11300.0,65525.0,1117690.0,49470.0,353069.0,477277.0,90393.0,242000.0,,373155.0,5581.0,9220.0,25373.0,793585.0,161232.0,503570.0,845000.0,17227752.0,17218572.0,9180.0,,57541.0,9500.0,291007.0,,636046.0,33000.0,24756.0,403317.0,,20027.0,10500.0,2018979.0,175900.0,764600.0,306616.0,450.0,28290.0,150.0,499925.0,1308390.0,1998107.0,80000.0,9700.0,111458.0,1966470.0,993300.0,31010.0,51000.0,388.0,73800.0,85600.0,142445.0,40000.0,229100.0,,6500.0,,332.0,629277.0,,384000.0,25500.0,420000.0,567000.0,76602.0,12900.0,573062.0,827.0,565.0,163445.0,2098297.0,285716.0,651778.0,823200.0,110.0,664063.0,1500000.0,635.0,,235000.0,80242.0,86832.0,538434.0,983700.0,19000.0,226264.0,356175.0,54000.0,82000.0,2550000.0,14600.0,1897800.0,187000.0,4682797.0,66281.0,,271500.0,1831.0,,6000.0,56003556.0,1526274.0,12998.0,974842.0,538434.0,8865711.0,5186367.0,657717.0,1085.0,3020542.0,27511152.0,464900.0,19508876.0,3938367.0,3599009.0,17180350.0,8257766.0,606827.0,4035482.0,4280275.0,920069.0,920069.0,12139411.0,11952411.0,67139.0,1579158.0,1085.0,2767857.0,1705596.0
1998,32386.0,11500.0,75385.0,1033520.0,40700.0,308856.0,416493.0,114776.0,133200.0,,420730.0,5263.0,9220.0,24959.0,791437.0,129145.0,520375.0,975000.0,19490501.0,19480720.0,9781.0,,72361.0,11000.0,283148.0,,640000.0,29000.0,25080.0,388461.0,,8728.0,1900.0,1765375.0,131599.0,977200.0,375345.0,450.0,28888.0,151.0,481987.0,1320590.0,1943627.0,86000.0,8000.0,102910.0,2143300.0,879100.0,38527.0,31200.0,1536.0,63700.0,13676.0,124200.0,35487.0,94000.0,,6527.0,,111.0,370244.0,,284800.0,29345.0,518000.0,523000.0,61675.0,13989.0,589281.0,652.0,500.0,126052.0,1687226.0,160074.0,459010.0,238000.0,100.0,364619.0,1330000.0,700.0,,192000.0,83464.0,113978.0,576264.0,736000.0,16000.0,426368.0,362000.0,46500.0,82500.0,2450000.0,18500.0,568200.0,183700.0,5282718.0,57570.0,,320000.0,1994.0,,5800.0,54927433.0,1456860.0,13963.0,866633.0,576264.0,9221905.0,5803093.0,399283.0,1150.0,3018379.0,29333361.0,479900.0,21468611.0,3920492.0,3464358.0,14083451.0,5298989.0,368993.0,3891303.0,4524166.0,831856.0,831856.0,11094560.0,10910860.0,75515.0,1017565.0,1150.0,2830378.0,1587973.0
1999,35928.0,11800.0,87318.0,1116000.0,23522.0,334353.0,409671.0,114301.0,133000.0,,562382.0,5368.0,9750.0,15910.0,937715.0,92269.0,621392.0,1175000.0,20809846.0,20801640.0,8206.0,6750.0,66752.0,11500.0,264092.0,,650000.0,32000.0,12201.0,415647.0,,11384.0,2427.0,2133296.0,98222.0,1036100.0,279112.0,400.0,28771.0,150.0,444508.0,1380000.0,2137037.0,93000.0,13000.0,127520.0,2343800.0,927700.0,31035.0,57600.0,632.0,53600.0,34119.0,138800.0,31910.0,100000.0,,6600.0,,87.0,449867.0,,303100.0,36464.0,570000.0,545000.0,72952.0,9892.0,377295.0,835.0,470.0,149822.0,1604221.0,295000.0,490512.0,347994.0,90.0,315049.0,1060000.0,750.0,,198000.0,68332.0,89373.0,623676.0,988400.0,18000.0,228903.0,283713.0,28700.0,97000.0,2500000.0,20000.0,296800.0,246400.0,4822413.0,73710.0,,304000.0,2161.0,,6000.0,56990171.0,1571973.0,13322.0,934975.0,623676.0,9405161.0,5443805.0,478788.0,1150.0,3481418.0,30738659.0,463900.0,22878058.0,3972092.0,3424609.0,14395025.0,4626265.0,467222.0,4361186.0,4940352.0,879353.0,879353.0,12031274.0,11784874.0,86521.0,1116649.0,1150.0,2787798.0,1462352.0
2000,40540.0,12000.0,96517.0,833322.0,23230.0,319652.0,490363.0,128264.0,213000.0,545460.0,,5100.0,9800.0,14376.0,1153269.0,88983.0,530256.0,805000.0,20437065.0,20431230.0,5835.0,6768.0,64077.0,11300.0,339431.0,,652718.0,25000.0,3873.0,468269.0,,18507.0,2749.0,2130274.0,82952.0,3136800.0,314504.0,400.0,28540.0,152.0,694586.0,1050000.0,2097244.0,66000.0,10800.0,102500.0,2232100.0,799600.0,37468.0,144600.0,1035.0,110000.0,35423.0,126700.0,4500.0,98600.0,11950.0,6900.0,,66.0,337974.0,,300005.0,31197.0,461000.0,620000.0,84275.0,15910.0,438852.0,986.0,491.0,157493.0,1450376.0,229794.0,488960.0,162369.0,80.0,490260.0,1832000.0,800.0,,207000.0,81497.0,129653.0,601966.0,813780.0,21900.0,374984.0,286773.0,136000.0,108000.0,2400000.0,23000.0,648200.0,208800.0,4799416.0,62526.0,,453000.0,2304.0,,6200.0,59130404.0,1593472.0,14215.0,977291.0,601966.0,8730080.0,5329672.0,366666.0,1200.0,3032542.0,30176353.0,866600.0,22378343.0,3662933.0,3268477.0,17690847.0,6000702.0,437689.0,4101625.0,7150831.0,939652.0,939652.0,14138033.0,13929233.0,86041.0,1358066.0,1200.0,2776667.0,1598515.0
2001,39542.0,15794.0,104900.0,1428802.0,35380.0,302668.0,409719.0,136061.0,215100.0,336600.0,,6000.0,9805.0,10812.0,716030.0,42710.0,488485.0,1135000.0,20022749.0,20014986.0,7763.0,7575.0,22405.0,9300.0,221164.0,,660000.0,20000.0,12902.0,473588.0,,15094.0,2699.0,1882109.0,66363.0,1779000.0,247666.0,400.0,19300.0,145.0,605440.0,1230000.0,2353359.0,70000.0,15600.0,111800.0,2299100.0,930700.0,37134.0,103230.0,1038.0,109500.0,36071.0,112000.0,5000.0,151100.0,4430.0,6877.0,,55.0,442679.0,,227800.0,32000.0,408000.0,473726.0,38400.0,11254.0,367125.0,1058.0,505.0,138338.0,2433940.0,258363.0,403583.0,186908.0,70.0,507440.0,1640000.0,1000.0,,138000.0,50217.0,78444.0,615794.0,917409.0,19900.0,202380.0,262963.0,94400.0,108000.0,2450000.0,33000.0,474700.0,211800.0,4274201.0,53809.0,,454500.0,2715.0,,6500.0,57099222.0,1549567.0,14485.0,919288.0,615794.0,8728976.0,4762686.0,462124.0,1400.0,3502766.0,30134462.0,794630.0,22017032.0,4028026.0,3294774.0,15909823.0,6377619.0,483518.0,4026448.0,5022238.0,776394.0,776394.0,12985775.0,12773975.0,87134.0,1285731.0,1400.0,2900035.0,1441702.0
2002,35630.0,15800.0,121038.0,1156830.0,35200.0,290264.0,478486.0,128599.0,327000.0,348600.0,,7500.0,9810.0,12884.0,857388.0,26417.0,352285.0,1150000.0,19250634.0,19240984.0,9650.0,5327.0,44160.0,10800.0,165974.0,,657482.0,18800.0,11177.0,524948.0,,17160.0,3153.0,1995306.0,64815.0,1471100.0,281082.0,350.0,24916.0,159.0,526865.0,1160000.0,2333896.0,63000.0,10900.0,126530.0,2199219.0,925800.0,39230.0,110453.0,1178.0,109000.0,50354.0,150305.0,20000.0,80000.0,11200.0,6885.0,,33.0,479613.0,,372500.0,32307.0,354000.0,530633.0,63320.0,16699.0,315400.0,1107.0,550.0,123266.0,2167518.0,300225.0,433165.0,224035.0,67.0,491494.0,1950000.0,1050.0,,101623.0,51172.0,141687.0,623307.0,694822.0,18005.0,275023.0,215762.0,94500.0,100000.0,2200000.0,35000.0,522300.0,179400.0,3866376.0,45794.0,,444600.0,2896.0,,6561.0,55301699.0,1776484.0,14691.0,1138486.0,623307.0,8084891.0,4218661.0,504688.0,1400.0,3360142.0,28983611.0,793553.0,21267081.0,3884733.0,3038244.0,15635816.0,6452775.0,394471.0,3854855.0,4933715.0,820897.0,820897.0,12137932.0,11958532.0,85218.0,1337065.0,1400.0,2766801.0,1563299.0
2003,28043.0,13300.0,135542.0,1307460.0,52800.0,326072.0,422912.0,154347.0,136500.0,318900.0,,5700.0,9800.0,40575.0,841821.0,38372.0,402416.0,1250000.0,21105161.0,21101776.0,3385.0,5190.0,46340.0,9500.0,140651.0,,650000.0,32100.0,11912.0,533360.0,,4899.0,2834.0,1721662.0,86320.0,818032.0,207670.0,350.0,19931.0,160.0,507505.0,1470000.0,2518733.0,64000.0,7500.0,118600.0,1953752.0,842100.0,41754.0,93100.0,1442.0,104800.0,36091.0,152000.0,20384.0,97493.0,3920.0,6908.0,,12.0,495217.0,,275200.0,33050.0,359000.0,501192.0,61936.0,12361.0,333741.0,641.0,600.0,134357.0,2427753.0,284971.0,365354.0,494300.0,60.0,811099.0,1700000.0,1150.0,,251144.0,61000.0,101641.0,817167.0,881101.0,21515.0,209501.0,306700.0,53200.0,99000.0,2600000.0,40000.0,871300.0,143900.0,3982586.0,73837.0,,365200.0,3220.0,,7000.0,58101720.0,1896063.0,15410.0,1063486.0,817167.0,8536787.0,4385002.0,515308.0,1500.0,3634977.0,31598064.0,656300.0,22962615.0,4389267.0,3589882.0,15243542.0,7188480.0,358693.0,3842442.0,3853927.0,827264.0,827264.0,11462125.0,11318225.0,76921.0,1503876.0,1500.0,3029563.0,1497435.0
2004,16692.0,15000.0,165372.0,1262440.0,63504.0,285282.0,484096.0,137279.0,231700.0,355800.0,,5917.0,6000.0,53319.0,980203.0,39393.0,386297.0,1300000.0,23681966.0,23675472.0,6494.0,4766.0,63092.0,10549.0,146894.0,,665000.0,35307.0,7915.0,546183.0,,2159.0,2675.0,1800177.0,76343.0,979730.0,274704.0,350.0,21922.0,161.0,700391.0,1521600.0,2219145.0,29000.0,18500.0,150070.0,2136226.0,754600.0,42424.0,148880.0,1379.0,128500.0,6918.0,113300.0,20000.0,33951.0,10700.0,6921.0,,32.0,572906.0,,396400.0,34036.0,436000.0,546000.0,82409.0,16137.0,351916.0,925.0,550.0,146893.0,2521514.0,275123.0,357180.0,310100.0,53.0,1097837.0,2026000.0,1200.0,,188000.0,42000.0,139917.0,765359.0,690886.0,18500.0,284586.0,358200.0,101700.0,135000.0,2100000.0,45000.0,716900.0,170400.0,4722849.0,66744.0,,352400.0,10833.0,,6905.0,62240082.0,2043572.0,15258.0,1262955.0,765359.0,9481196.0,5109146.0,594989.0,1550.0,3775511.0,33476959.0,776480.0,25458746.0,4149306.0,3092427.0,16407073.0,7832729.0,304547.0,3918708.0,4351089.0,831282.0,831282.0,12493471.0,12323071.0,74399.0,1439872.0,1550.0,3204166.0,1696305.0
2005,20239.0,16000.0,199712.0,1206210.0,90798.0,452650.0,452607.0,163057.0,232656.0,324960.0,,10421.0,4000.0,52181.0,850535.0,26130.0,414445.0,1300000.0,24016881.0,24011080.0,5801.0,4435.0,57298.0,10781.0,134094.0,,668000.0,35307.0,16741.0,578250.0,2500.0,10663.0,3610.0,1829166.0,104269.0,891402.0,250019.0,50.0,22122.0,162.0,510361.0,1739000.0,2661901.0,25000.0,14800.0,140337.0,2192000.0,818900.0,45563.0,142200.0,4302.0,107400.0,37524.0,114800.0,19396.0,96533.0,3815.0,6934.0,,66.0,583994.0,,308500.0,35130.0,359000.0,524000.0,86217.0,10928.0,351232.0,970.0,560.0,139332.0,2074951.0,250543.0,367517.0,278421.0,54.0,637979.0,1786000.0,1250.0,,202104.0,47000.0,106196.0,678842.0,774210.0,17683.0,212996.0,296057.0,104800.0,100000.0,2570000.0,45000.0,719800.0,218100.0,4384832.0,77342.0,,402000.0,11275.0,,8000.0,61905998.0,1903990.0,19290.0,1205858.0,678842.0,9008510.0,4799277.0,608778.0,1300.0,3599155.0,35063528.0,801400.0,25871298.0,4817923.0,3572907.0,14953320.0,6447392.0,445148.0,3986834.0,4073946.0,976650.0,976650.0,11366798.0,11148698.0,83999.0,1498243.0,1300.0,3403137.0,1615140.0
2006,52500.0,27566.0,283242.0,1100000.0,96268.0,301251.0,509139.0,178350.0,488785.0,357500.0,,7407.0,2000.0,58109.0,863019.0,26328.0,402773.0,1350000.0,26064930.0,26059000.0,5930.0,4518.0,57571.0,10742.0,136385.0,,665000.0,31779.0,16850.0,570330.0,5000.0,2835.0,3261.0,1679328.0,32800.0,947611.0,288703.0,316.0,22244.0,175.0,537345.0,1814000.0,2306941.0,25000.0,18200.0,121644.0,2130980.0,831800.0,46381.0,115620.0,4554.0,136400.0,33898.0,121500.0,20000.0,99481.0,9080.0,7000.0,,102.0,601915.0,2114.0,374000.0,33336.0,365000.0,354000.0,95826.0,14960.0,348440.0,1063.0,604.0,136399.0,2304892.0,256618.0,407621.0,202790.0,70.0,590413.0,1626000.0,1250.0,240320.0,,30776.0,119176.0,633495.0,650384.0,24000.0,259305.0,374330.0,147000.0,120000.0,2002033.0,43000.0,536500.0,269239.0,4455819.0,61285.0,,514441.0,18728.0,,7196.0,63248879.0,2019887.0,18820.0,1367572.0,633495.0,9024167.0,4858592.0,629334.0,1566.0,3534675.0,36517275.0,956461.0,27969351.0,4562624.0,3028839.0,15032299.0,6480214.0,497653.0,3927469.0,4126963.0,655251.0,655251.0,11490766.0,11221527.0,118971.0,1632738.0,1566.0,3774485.0,1725816.0
2007,59500.0,36000.0,190010.0,1000000.0,111836.0,377980.0,477882.0,187003.0,262928.0,358000.0,,7076.0,1961.0,60962.0,1115379.0,26165.0,446367.0,1400000.0,27865889.0,27859936.0,5953.0,2891.0,62991.0,8594.0,115814.0,,635000.0,32000.0,17500.0,557944.0,5000.0,4087.0,3468.0,1781947.0,101300.0,1070036.0,251408.0,427.0,22113.0,173.0,586113.0,1624000.0,2977881.0,31000.0,15000.0,101226.0,2230191.0,840100.0,31523.0,101660.0,3564.0,122000.0,30542.0,125200.0,20000.0,40619.0,2233.0,7100.0,,63.0,505078.0,1907.0,426816.0,34546.0,391000.0,421000.0,152089.0,10919.0,441575.0,1062.0,650.0,136744.0,1039967.0,245471.0,435686.0,218189.0,,475370.0,2342000.0,1300.0,245228.0,,17724.0,114492.0,708430.0,721178.0,21000.0,274922.0,280247.0,111000.0,101000.0,2457845.0,63400.0,754900.0,243100.0,4122883.0,66874.0,,502500.0,20039.0,,7024.0,65662801.0,2021888.0,17688.0,1295770.0,708430.0,8845340.0,4569250.0,532364.0,1727.0,3741999.0,39278688.0,900560.0,29776675.0,5144578.0,3456875.0,14717905.0,5839170.0,400735.0,4121980.0,4356020.0,798980.0,798980.0,10366455.0,10123355.0,128261.0,1680434.0,1727.0,3406520.0,1834327.0
2008,56061.0,45000.0,260967.0,950000.0,117199.0,265481.0,551356.0,205021.0,379809.0,335000.0,,5038.0,2025.0,51946.0,1124155.0,23517.0,426858.0,1504101.0,29850771.0,29846608.0,4163.0,1050.0,57341.0,6543.0,154063.0,,657518.0,28958.0,6687.0,550743.0,10000.0,2248.0,4282.0,1701752.0,41500.0,1046995.0,259822.0,419.0,22113.0,171.0,568600.0,2001000.0,2778775.0,36362.0,15600.0,97425.0,2210100.0,910700.0,34913.0,94290.0,3066.0,90900.0,28859.0,125200.0,20000.0,74251.0,3079.0,7034.0,,57.0,511988.0,1797.0,404310.0,36396.0,375000.0,446000.0,174315.0,16717.0,441062.0,1269.0,669.0,135209.0,2830658.0,237011.0,470865.0,255086.0,,459016.0,1122400.0,1400.0,235601.0,,41803.0,102893.0,778141.0,661724.0,22200.0,254887.0,360700.0,185500.0,110000.0,2504494.0,61500.0,719200.0,242900.0,4365055.0,51266.0,,585000.0,20840.0,,6954.0,69038547.0,2141215.0,17054.0,1346020.0,778141.0,9113166.0,4791913.0,544272.0,1819.0,3775162.0,41776842.0,1017190.0,31889854.0,5318332.0,3551466.0,15295843.0,6554152.0,436015.0,4037607.0,4268069.0,711481.0,711481.0,12045628.0,11802728.0,125369.0,1875954.0,1819.0,4010969.0,1816662.0
2009,72765.0,47202.0,267469.0,894000.0,120844.0,295134.0,485609.0,204237.0,431573.0,310600.0,,6523.0,1943.0,71507.0,1222885.0,35456.0,435491.0,1330617.0,31684433.0,31680788.0,3645.0,1340.0,73924.0,7274.0,141996.0,,687808.0,27513.0,8000.0,508833.0,21000.0,5446.0,4268.0,1729615.0,80700.0,1070678.0,268322.0,461.0,22113.0,172.0,575368.0,1985000.0,2854420.0,36576.0,13100.0,114650.0,2325653.0,845600.0,31111.0,117970.0,1492.0,113500.0,12828.0,138100.0,20000.0,53259.0,2340.0,7039.0,,57.0,561493.0,2877.0,422572.0,39134.0,407000.0,431000.0,106356.0,13581.0,366360.0,680.0,685.0,137208.0,2626273.0,263146.0,494491.0,209594.0,,517491.0,1441200.0,1637.0,281868.0,,37689.0,95662.0,817698.0,601979.0,21000.0,251054.0,360978.0,148000.0,110000.0,2782365.0,64000.0,853400.0,229000.0,4394267.0,58775.0,,635000.0,20074.0,,6891.0,71638292.0,2161994.0,15422.0,1328874.0,817698.0,9092087.0,4829758.0,604778.0,2098.0,3655453.0,44012593.0,1078470.0,33712332.0,5324202.0,3897589.0,15645484.0,6870040.0,379995.0,4138553.0,4256896.0,726134.0,726134.0,11942546.0,11713546.0,145535.0,1847442.0,2098.0,4077681.0,1746381.0
2010,59850.0,54604.0,378637.0,720000.0,56487.0,264401.0,270805.0,211665.0,525552.0,343980.0,,17366.0,1989.0,71659.0,1279124.0,43235.0,371025.0,1624242.0,33265186.0,33263000.0,2186.0,1638.0,89124.0,6950.0,99801.0,,712312.0,24190.0,9073.0,493119.0,23000.0,1983.0,4262.0,1751269.0,21100.0,834960.0,273804.0,434.0,21773.0,174.0,496916.0,1777200.0,2903572.0,39601.0,21100.0,131474.0,2204972.0,786500.0,28770.0,107150.0,1195.0,111000.0,10325.0,154429.0,22000.0,34020.0,2406.0,7037.0,,51.0,584655.0,2116.0,444861.0,41754.0,334000.0,444154.0,121383.0,11491.0,525855.0,490.0,690.0,143861.0,1877906.0,212902.0,460285.0,207903.0,,552860.0,992000.0,1058.0,239945.0,,34215.0,117569.0,724232.0,645918.0,23500.0,201641.0,393146.0,156000.0,126000.0,2600000.0,63000.0,897000.0,235450.0,4210290.0,52226.0,,712000.0,20246.0,,6826.0,71187919.0,2203907.0,15058.0,1464617.0,724232.0,9045252.0,4581315.0,629602.0,1492.0,3832843.0,45363388.0,1149150.0,35224283.0,5325597.0,3664358.0,13866817.0,5727388.0,366321.0,4034047.0,3739061.0,708555.0,708555.0,10548473.0,10313023.0,146253.0,1875063.0,1492.0,3998566.0,1934580.0
2011,62041.0,64000.0,404105.0,1150000.0,77602.0,299778.0,302810.0,223067.0,190829.0,228405.0,,20752.0,2014.0,75334.0,1338995.0,40413.0,420102.0,1588347.0,35986667.0,35985000.0,1667.0,1219.0,99676.0,7121.0,84594.0,,752300.0,25735.0,9187.0,455817.0,32000.0,2702.0,5249.0,1762640.0,64300.0,898448.0,274115.0,438.0,22440.0,175.0,292810.0,2891000.0,3112900.0,45948.0,20400.0,119231.0,2411201.0,655300.0,39653.0,114654.0,779.0,127700.0,7501.0,135807.0,20500.0,49099.0,2130.0,7030.0,,42.0,630533.0,2651.0,512407.0,42704.0,418000.0,439418.0,124552.0,8469.0,598804.0,833.0,697.0,149561.0,2493078.0,247229.0,379541.0,268842.0,,620362.0,1198000.0,1210.0,265576.0,,31355.0,105355.0,781124.0,670264.0,20684.0,327500.0,307760.0,183300.0,128000.0,2680075.0,62800.0,954100.0,239890.0,4281731.0,73368.0,,769363.0,20278.0,,6761.0,77073277.0,2316523.0,14570.0,1520829.0,781124.0,9702017.0,4701833.0,685148.0,1648.0,4313388.0,49481501.0,1257817.0,37773808.0,6728201.0,3721675.0,14834040.0,6174383.0,379729.0,4339995.0,3939933.0,739196.0,739196.0,11361308.0,11121418.0,152805.0,2086849.0,1648.0,5171016.0,2071649.0
2012,70000.0,71300.0,397529.0,1050000.0,110289.0,289064.0,262108.0,234771.0,511471.0,220400.0,,7666.0,2025.0,50023.0,1339771.0,30942.0,282766.0,1607415.0,38492519.0,38491000.0,1519.0,2190.0,37414.0,6842.0,118709.0,,785000.0,18731.0,9129.0,541239.0,34000.0,1855.0,4807.0,1306333.0,45000.0,972405.0,265822.0,466.0,23242.0,177.0,650600.0,2203400.0,3103883.0,52318.0,12100.0,108000.0,1991312.0,793800.0,36377.0,129700.0,1128.0,137000.0,9449.0,125714.0,20500.0,72497.0,1816.0,7000.0,,27.0,375045.0,2027.0,485642.0,48946.0,281000.0,437107.0,127171.0,10976.0,556307.0,910.0,705.0,146774.0,2877336.0,220761.0,394596.0,281849.0,,462935.0,1403000.0,1196.0,243987.0,,44481.0,55300.0,795758.0,481223.0,23390.0,233556.0,349166.0,218300.0,111000.0,2888985.0,63300.0,1126800.0,203550.0,4078839.0,50270.0,,829000.0,20348.0,,6500.0,78598077.0,2366296.0,14628.0,1555910.0,795758.0,9004010.0,4361605.0,432464.0,1662.0,4208279.0,51812137.0,1377300.0,40465915.0,5990202.0,3978720.0,14689463.0,7508123.0,357355.0,3546367.0,3277618.0,726171.0,726171.0,10634145.0,10430595.0,153960.0,2267222.0,1662.0,4675788.0,2068266.0
2013,78597.0,75730.0,455937.0,970000.0,111946.0,288878.0,234585.0,246685.0,311495.0,228900.0,,7830.0,2057.0,85117.0,1231472.0,55013.0,427201.0,1716253.0,39683908.0,39682616.0,1292.0,2547.0,121738.0,5313.0,121803.0,,780000.0,31184.0,8685.0,629613.0,36539.0,4411.0,4905.0,1688158.0,68600.0,803784.0,253700.0,452.0,24304.0,178.0,591870.0,1915000.0,3035493.0,62433.0,15200.0,112128.0,2216963.0,741700.0,40635.0,143856.0,396.0,143000.0,14751.0,126485.0,20500.0,62586.0,1926.0,6900.0,,35.0,858608.0,2518.0,583230.0,42814.0,314000.0,444178.0,112929.0,9769.0,606016.0,1005.0,710.0,156350.0,3085074.0,287314.0,493701.0,307246.0,,513580.0,1573000.0,1149.0,458409.0,,45949.0,92449.0,903843.0,546400.0,27400.0,210129.0,256614.0,227000.0,120000.0,3128450.0,63200.0,1211400.0,398500.0,4731694.0,45626.0,,894000.0,20072.0,,6500.0,82830201.0,2726919.0,13796.0,1809280.0,903843.0,10213825.0,5158895.0,919629.0,1601.0,4133700.0,53036481.0,1471056.0,41699309.0,5685750.0,4180366.0,16119920.0,7816430.0,568706.0,4253302.0,3481482.0,733056.0,733056.0,11767491.0,11368991.0,156213.0,2388370.0,1601.0,4370893.0,2330771.0
2014,89403.0,82060.0,462815.0,711052.0,132627.0,266771.0,310339.0,252327.0,512641.0,318400.0,,7994.0,2419.0,44795.0,1378617.0,54502.0,409839.0,1721893.0,40924707.0,40923200.0,1507.0,2247.0,96703.0,4848.0,128292.0,,777126.0,35371.0,7406.0,623625.0,39496.0,2307.0,5211.0,1847551.0,82300.0,1115900.0,252240.0,502.0,24812.0,180.0,779850.0,2497680.0,2412494.0,63376.0,19600.0,77813.0,2473608.0,816300.0,39902.0,157870.0,606.0,145000.0,9623.0,180565.0,17460.0,60177.0,2615.0,6971.0,3203.0,39.0,716865.0,2656.0,536199.0,35921.0,353000.0,490000.0,95684.0,13322.0,616748.0,1250.0,714.0,159879.0,3195299.0,273721.0,474712.0,370024.0,,513195.0,1624000.0,990.0,336313.0,,48494.0,99834.0,777741.0,620823.0,24580.0,231343.0,397858.0,236000.0,121500.0,2480444.0,63100.0,1085350.0,451400.0,5358740.0,52762.0,,965000.0,20098.0,,6701.0,85346330.0,2556821.0,17481.0,1761599.0,777741.0,10588413.0,5768579.0,781353.0,1492.0,4036989.0,53953463.0,1566970.0,42992845.0,5660240.0,3733408.0,17490862.0,8311647.0,621591.0,4378476.0,4179148.0,756771.0,756771.0,13097522.0,12646122.0,163590.0,2563987.0,1492.0,5181567.0,2303217.0
2015,89733.0,91736.0,451472.0,693275.0,126995.0,295196.0,287599.0,256398.0,354817.0,284210.0,,5308.0,2522.0,91471.0,1264651.0,58419.0,348508.0,1710319.0,38900319.0,38899000.0,1319.0,2506.0,101752.0,4880.0,155361.0,,776710.0,35647.0,6726.0,695769.0,47273.0,2700.0,6027.0,1968628.0,25700.0,973462.0,267018.0,471.0,26227.0,183.0,511460.0,2134000.0,2500000.0,42307.0,18800.0,108000.0,2473608.0,811500.0,56570.0,147561.0,589.0,128000.0,7815.0,210424.0,14129.0,73583.0,2419.0,7119.0,3308.0,28.0,750325.0,2817.0,674153.0,43502.0,336000.0,540000.0,136931.0,10800.0,620481.0,800.0,614.0,159550.0,3168818.0,324994.0,582846.0,307660.0,,476059.0,1612700.0,1021.0,431759.0,,46250.0,115091.0,934375.0,593592.0,25350.0,214250.0,347844.0,230387.0,90000.0,2569759.0,63200.0,1179570.0,459600.0,4556790.0,55454.0,,1060000.0,17686.0,,6660.0,82408896.0,2877574.0,17676.0,1925523.0,934375.0,9626415.0,4905298.0,824008.0,1492.0,3895617.0,51860910.0,1629148.0,41071375.0,5393024.0,3767363.0,17208801.0,7871114.0,640322.0,4630797.0,4066568.0,835196.0,835196.0,12779170.0,12319570.0,166656.0,2608779.0,1492.0,4845538.0,2512716.0
2016,140903.0,101532.0,500855.0,458908.0,62574.0,308298.0,101667.0,254296.0,508816.0,238244.0,,6587.0,2578.0,69062.0,1055383.0,44755.0,417989.0,1730081.0,40394483.0,40393000.0,1483.0,2259.0,44781.0,4200.0,124997.0,,786491.0,36470.0,6121.0,754846.0,51519.0,5497.0,6401.0,1823123.0,65200.0,1032913.0,279665.0,448.0,26499.0,183.0,497108.0,2521000.0,2096749.0,44495.0,21800.0,100000.0,2455616.0,765000.0,55197.0,188099.0,623.0,139901.0,9854.0,344469.0,9414.0,65579.0,1510.0,7102.0,3313.0,16.0,716931.0,1638.0,406379.0,41011.0,317000.0,550000.0,101088.0,12522.0,669912.0,860.0,547.0,158098.0,3604271.0,241611.0,576369.0,411768.0,,467259.0,1701100.0,1046.0,400473.0,,20722.0,59573.0,916143.0,621164.0,26280.0,227300.0,344809.0,224128.0,126000.0,2925828.0,63200.0,1099240.0,481100.0,5214040.0,37675.0,,1441566.0,17362.0,,6550.0,85008032.0,2731225.0,17588.0,1797494.0,916143.0,9880305.0,5632029.0,795132.0,1494.0,3451650.0,54274689.0,2056894.0,42522343.0,5476162.0,4219290.0,17263515.0,8480036.0,665503.0,4376219.0,3741757.0,858298.0,858298.0,12633176.0,12152076.0,216278.0,3088109.0,1494.0,5674759.0,2440529.0
2017,175000.0,96338.0,494239.0,458908.0,116051.0,313730.0,185244.0,275093.0,317078.0,86236.0,,8039.0,2751.0,52252.0,1307642.0,44927.0,402082.0,1749037.0,41391451.0,41390000.0,1451.0,3065.0,56570.0,3792.0,105280.0,,792982.0,20496.0,5553.0,716271.0,56011.0,3648.0,6758.0,1695949.0,19700.0,596666.0,253107.0,463.0,25383.0,185.0,473662.0,2265000.0,2398831.0,47626.0,21369.0,113000.0,1921272.0,735200.0,24496.0,181057.0,300.0,150801.0,7464.0,316155.0,8487.0,87367.0,983.0,7113.0,3447.0,21.0,714149.0,1347.0,820547.0,19850.0,227000.0,470000.0,43366.0,12664.0,564693.0,919.0,489.0,149787.0,2441393.0,329371.0,545349.0,487161.0,,348656.0,1493600.0,1774.0,378644.0,,32478.0,80000.0,929028.0,587034.0,22130.0,145864.0,308985.0,231458.0,98300.0,3032164.0,63200.0,1076180.0,535300.0,5240670.0,48471.0,,1028796.0,17011.0,,6514.0,83135970.0,3084246.0,17374.0,2137844.0,929028.0,10166420.0,5642752.0,795728.0,2237.0,3725703.0,54826699.0,1655312.0,43464982.0,5431413.0,4274992.0,14274875.0,6820415.0,717196.0,3799322.0,2937942.0,783730.0,783730.0,10174173.0,9638873.0,230460.0,2793073.0,2237.0,5007257.0,2663287.0
2018,217192.0,108375.0,487808.0,510478.0,109939.0,268355.0,387950.0,277158.0,700198.0,231300.0,,3684.0,2805.0,112513.0,1203007.0,50300.0,402978.0,1700065.0,39235019.0,39233400.0,1619.0,4734.0,90250.0,1910.0,151530.0,,799473.0,32650.0,5050.0,716148.0,60504.0,1640.0,7200.0,1740350.0,82700.0,1198520.0,285810.0,469.0,24853.0,186.0,678780.0,2327000.0,1936697.0,49644.0,20140.0,111000.0,2466990.0,756100.0,20517.0,222482.0,426.0,148456.0,13900.0,239001.0,8457.0,80680.0,2080.0,7125.0,2639.0,20.0,659692.0,1688.0,696950.0,28895.0,269100.0,480000.0,140296.0,14878.0,543645.0,932.0,444.0,140569.0,3999520.0,263960.0,475303.0,665184.0,,634770.0,1859400.0,1826.0,460404.0,,43930.0,86590.0,829636.0,562960.0,30610.0,296778.0,476635.0,237080.0,111959.0,3625960.0,64210.0,1462360.0,505600.0,4644790.0,48373.0,,1130335.0,16706.0,,6477.0,85823680.0,2867625.0,16667.0,2021322.0,829636.0,9410823.0,5047768.0,745235.0,2295.0,3615525.0,53137673.0,1802563.0,41265895.0,5057113.0,5012102.0,19659204.0,10245972.0,707298.0,4579856.0,4126078.0,748355.0,748355.0,13839040.0,13333440.0,276241.0,3257276.0,2295.0,5398439.0,2569440.0
2019,250324.0,105933.0,558830.0,538722.0,81674.0,265150.0,239210.0,292736.0,336697.0,259840.0,,4321.0,2931.0,98265.0,1222979.0,43620.0,377929.0,1621321.0,42426578.0,42425400.0,1178.0,5053.0,68350.0,1840.0,99500.0,,805965.0,25210.0,4658.0,726794.0,64997.0,1850.0,8090.0,1753500.0,44300.0,991450.0,277110.0,475.0,25226.0,187.0,498330.0,2316000.0,2241124.0,75831.0,19880.0,104000.0,2303690.0,701600.0,21051.0,216540.0,702.0,151207.0,10390.0,216861.0,8428.0,32070.0,1930.0,7137.0,2978.0,10.0,761483.0,1490.0,809762.0,31386.0,273000.0,553606.0,88701.0,15593.0,499490.0,937.0,415.0,142284.0,3080600.0,355700.0,535324.0,610921.0,,492700.0,1950800.0,1482.0,499578.0,,35190.0,54270.0,891979.0,638840.0,22210.0,189726.0,286564.0,242918.0,119845.0,3618752.0,66525.0,1153970.0,456400.0,4997680.0,42322.0,,1124017.0,21946.0,,6441.0,87236221.0,3132896.0,17258.0,2223659.0,891979.0,9810144.0,5375609.0,851893.0,1957.0,3580685.0,56379811.0,1801207.0,44469467.0,5342645.0,4766492.0,17094614.0,8302328.0,591693.0,4491937.0,3708656.0,818756.0,818756.0,12044780.0,11588380.0,318092.0,3174035.0,1957.0,5247585.0,2705161.0
